<?xml version="1.0" encoding="UTF-8"?>
<project-private xmlns="http://www.netbeans.org/ns/project-private/1">
    <editor-bookmarks xmlns="http://www.netbeans.org/ns/editor-bookmarks/2" lastBookmarkId="0"/>
    <open-files xmlns="http://www.netbeans.org/ns/projectui-open-files/2">
        <group>
            <file>file:/C:/Users/Susmoy/Documents/NetBeansProjects/HostelManager/web/home.jsp</file>
            <file>file:/C:/Users/Susmoy/Documents/NetBeansProjects/HostelManager/src/java/login.java</file>
            <file>file:/C:/Users/Susmoy/Documents/NetBeansProjects/HostelManager/web/rooms.jsp</file>
            <file>file:/C:/Users/Susmoy/Documents/NetBeansProjects/HostelManager/src/java/conwithus.java</file>
            <file>file:/C:/Users/Susmoy/Documents/NetBeansProjects/HostelManager/web/welcome.jsp</file>
            <file>file:/C:/Users/Susmoy/Documents/NetBeansProjects/HostelManager/web/facilities.jsp</file>
            <file>file:/C:/Users/Susmoy/Documents/NetBeansProjects/HostelManager/web/registration.jsp</file>
            <file>file:/C:/Users/Susmoy/Documents/NetBeansProjects/HostelManager/src/java/RoomBook.java</file>
            <file>file:/C:/Users/Susmoy/Documents/NetBeansProjects/HostelManager/web/contact.jsp</file>
            <file>file:/C:/Users/Susmoy/Documents/NetBeansProjects/HostelManager/web/WEB-INF/web.xml</file>
            <file>file:/C:/Users/Susmoy/Documents/NetBeansProjects/HostelManager/web/BookRooms.jsp</file>
            <file>file:/C:/Users/Susmoy/Documents/NetBeansProjects/HostelManager/src/java/register.java</file>
            <file>file:/C:/Users/Susmoy/Documents/NetBeansProjects/HostelManager/src/java/MyDB.java</file>
            <file>file:/C:/Users/Susmoy/Documents/NetBeansProjects/HostelManager/web/index.jsp</file>
            <file>file:/C:/Users/Susmoy/Documents/NetBeansProjects/HostelManager/web/css/style.css</file>
            <file>file:/C:/Users/Susmoy/Documents/NetBeansProjects/HostelManager/web/aboutus.jsp</file>
        </group>
    </open-files>
</project-private>
